{
  "train":{
    "n_signals":289.0,
    "n_trades":289.0,
    "fill_rate":1.0,
    "win_rate":0.3564013841,
    "avg_return":-0.0063822547,
    "expectancy":-0.0063822547,
    "avg_win":0.0648055677,
    "avg_loss":-0.0458034682,
    "profit_factor":0.7834986207,
    "total_return":-0.7917699827,
    "max_drawdown":-0.7935643846
  },
  "val":{
    "n_signals":86.0,
    "n_trades":86.0,
    "fill_rate":1.0,
    "win_rate":0.3139534884,
    "avg_return":-0.009738638,
    "expectancy":-0.009738638,
    "avg_win":0.0689708528,
    "avg_loss":-0.0457582354,
    "profit_factor":0.6897760003,
    "total_return":-0.2855905377,
    "max_drawdown":-0.4390220944
  },
  "test":{
    "n_signals":107.0,
    "n_trades":107.0,
    "fill_rate":1.0,
    "win_rate":0.523364486,
    "avg_return":0.0038610129,
    "expectancy":0.0038610129,
    "avg_win":0.0455846924,
    "avg_loss":-0.0419532233,
    "profit_factor":1.1930854394,
    "total_return":0.0159799905,
    "max_drawdown":-0.1719714738
  }
}