{
  "train":{
    "n_signals":484.0,
    "n_trades":484.0,
    "fill_rate":1.0,
    "win_rate":0.5103305785,
    "avg_return":0.0069881184,
    "expectancy":0.0069881184,
    "avg_win":0.0404329928,
    "avg_loss":-0.0278679321,
    "profit_factor":1.5120973499,
    "total_return":1.5965164918,
    "max_drawdown":-0.2579377532
  },
  "val":{
    "n_signals":164.0,
    "n_trades":164.0,
    "fill_rate":1.0,
    "win_rate":0.506097561,
    "avg_return":0.0047833415,
    "expectancy":0.0047833415,
    "avg_win":0.032491796,
    "avg_loss":-0.0236092724,
    "profit_factor":1.4102112911,
    "total_return":0.2900940331,
    "max_drawdown":-0.1491982453
  },
  "test":{
    "n_signals":277.0,
    "n_trades":277.0,
    "fill_rate":1.0,
    "win_rate":0.5884476534,
    "avg_return":0.009907904,
    "expectancy":0.009907904,
    "avg_win":0.0328011903,
    "avg_loss":-0.0228254791,
    "profit_factor":2.0547190853,
    "total_return":1.5665768017,
    "max_drawdown":-0.089188663
  }
}