,n_signals,n_trades,fill_rate,win_rate,avg_return,expectancy,avg_win,avg_loss,profit_factor,total_return,max_drawdown,n_unfilled
train,3.0,3.0,1.0,1.0,0.028500000000000025,0.028500000000000025,0.028500000000000025,,,0.05781225000000001,0.0,
val,0.0,0.0,,,,,,,,0.0,0.0,0.0
test,1.0,1.0,1.0,0.0,-0.03462883435582825,-0.03462883435582825,,-0.03462883435582825,0.0,-0.0346288343558282,0.0,
